ユーザ種別,visit_date_week_start_day の日,機能名,平均 wau,WAU率
1.先生,2018年4月2日,生徒カルテ,8.972934473,11.2%
1.先生,2018年4月9日,生徒カルテ,8.248266297,10.3%
1.先生,2018年4月16日,生徒カルテ,9.076923077,11.5%
1.先生,2018年4月23日,生徒カルテ,9.872659176,12.5%
1.先生,2018年4月30日,生徒カルテ,6.516358464,7.9%
1.先生,2018年5月7日,生徒カルテ,8.976941748,11.3%
1.先生,2018年5月14日,生徒カルテ,7.979493366,10.1%
1.先生,2018年5月21日,生徒カルテ,8.607272727,10.9%
1.先生,2018年5月28日,生徒カルテ,7.394011976,9.4%
1.先生,2018年6月4日,生徒カルテ,6.715486194,8.6%
1.先生,2018年6月11日,生徒カルテ,6.424539877,8.2%
1.先生,2018年6月18日,生徒カルテ,6.087378641,7.7%
1.先生,2018年6月25日,生徒カルテ,8.985865724,11.6%
1.先生,2018年7月2日,生徒カルテ,6.391777509,8.2%
1.先生,2018年7月9日,生徒カルテ,5.989104116,7.7%
1.先生,2018年7月16日,生徒カルテ,6.131894484,7.8%
1.先生,2018年7月23日,生徒カルテ,4.792356688,6.1%
1.先生,2018年7月30日,生徒カルテ,4.291941876,5.5%
1.先生,2018年8月6日,生徒カルテ,5.903264813,7.6%
1.先生,2018年8月13日,生徒カルテ,4.593625498,5.7%
1.先生,2018年8月20日,生徒カルテ,5.962332928,7.6%
1.先生,2018年8月27日,生徒カルテ,6.035419126,7.7%
1.先生,2018年9月3日,生徒カルテ,5.688484848,7.3%
1.先生,2018年9月10日,生徒カルテ,5.752740560,7.4%
1.先生,2018年9月17日,生徒カルテ,5.411471322,6.7%
1.先生,2018年9月24日,生徒カルテ,5.221822542,6.6%
1.先生,2018年10月1日,生徒カルテ,5.129259694,6.6%
1.先生,2018年10月8日,生徒カルテ,6.795138889,8.8%
1.先生,2018年10月15日,生徒カルテ,5.117857143,6.5%
1.先生,2018年10月22日,生徒カルテ,5.401212121,6.8%
1.先生,2018年10月29日,生徒カルテ,4.809523810,6.0%
1.先生,2018年11月5日,生徒カルテ,6.401925391,8.0%
1.先生,2018年11月12日,生徒カルテ,6.473365617,8.1%
1.先生,2018年11月19日,生徒カルテ,5.321969697,6.7%
1.先生,2018年11月26日,生徒カルテ,8.490486258,11.0%
1.先生,2018年12月3日,生徒カルテ,7.113895216,9.0%
1.先生,2018年4月2日,授業記録,6.049270073,7.4%
1.先生,2018年4月9日,授業記録,6.362416107,7.7%
1.先生,2018年4月16日,授業記録,6.464454976,8.0%
1.先生,2018年4月23日,授業記録,6.517719569,7.9%
1.先生,2018年4月30日,授業記録,5.257884972,6.2%
1.先生,2018年5月7日,授業記録,6.133540373,7.4%
1.先生,2018年5月14日,授業記録,5.755102041,6.9%
1.先生,2018年5月21日,授業記録,5.763033175,7.0%
1.先生,2018年5月28日,授業記録,5.5984375,6.8%
1.先生,2018年6月4日,授業記録,5.415241058,6.6%
1.先生,2018年6月11日,授業記録,5.575806452,6.8%
1.先生,2018年6月18日,授業記録,5.280314961,6.4%
1.先生,2018年6月25日,授業記録,5.231884058,6.3%
1.先生,2018年7月2日,授業記録,5.307817590,6.5%
1.先生,2018年7月9日,授業記録,4.995033113,6.1%
1.先生,2018年7月16日,授業記録,4.694352159,5.8%
1.先生,2018年7月23日,授業記録,3.575645756,4.4%
1.先生,2018年7月30日,授業記録,2.619140625,3.2%
1.先生,2018年8月6日,授業記録,2.290697674,2.7%
1.先生,2018年8月13日,授業記録,2.327027027,2.7%
1.先生,2018年8月20日,授業記録,3.637404580,4.3%
1.先生,2018年8月27日,授業記録,4.674099485,5.6%
1.先生,2018年9月3日,授業記録,5.152397260,6.1%
1.先生,2018年9月10日,授業記録,5.142131980,6.2%
1.先生,2018年9月17日,授業記録,4.841105354,5.8%
1.先生,2018年9月24日,授業記録,4.893470790,5.8%
1.先生,2018年10月1日,授業記録,4.948453608,5.9%
1.先生,2018年10月8日,授業記録,4.917832168,5.9%
1.先生,2018年10月15日,授業記録,5.128975265,6.1%
1.先生,2018年10月22日,授業記録,5.038043478,6.1%
1.先生,2018年10月29日,授業記録,5.051923077,6.0%
1.先生,2018年11月5日,授業記録,5.105924596,6.0%
1.先生,2018年11月12日,授業記録,5.025316456,6.0%
1.先生,2018年11月19日,授業記録,4.892988930,5.7%
1.先生,2018年11月26日,授業記録,5.037800687,5.9%
1.先生,2018年12月3日,授業記録,5.138939671,6.0%
1.先生,2018年4月2日,指導セット,3.244498778,3.9%
1.先生,2018年4月9日,指導セット,2.443478261,2.8%
1.先生,2018年4月16日,指導セット,2.3375,2.8%
1.先生,2018年4月23日,指導セット,2.517970402,3.0%
1.先生,2018年4月30日,指導セット,1.644654088,2.0%
1.先生,2018年5月7日,指導セット,2.174107143,2.5%
1.先生,2018年5月14日,指導セット,1.915948276,2.3%
1.先生,2018年5月21日,指導セット,2.022421525,2.5%
1.先生,2018年5月28日,指導セット,1.933806147,2.4%
1.先生,2018年6月4日,指導セット,1.769417476,2.1%
1.先生,2018年6月11日,指導セット,1.943765281,2.3%
1.先生,2018年6月18日,指導セット,1.7075,2.0%
1.先生,2018年6月25日,指導セット,1.823218997,2.1%
1.先生,2018年7月2日,指導セット,1.766961652,2.1%
1.先生,2018年7月9日,指導セット,1.618181818,2.0%
1.先生,2018年7月16日,指導セット,1.641242938,2.0%
1.先生,2018年7月23日,指導セット,1.420138889,1.8%
1.先生,2018年7月30日,指導セット,1.502463054,1.7%
1.先生,2018年8月6日,指導セット,1.333333333,1.5%
1.先生,2018年8月13日,指導セット,1.166666667,1.4%
1.先生,2018年8月20日,指導セット,1.397379913,1.7%
1.先生,2018年8月27日,指導セット,1.892966361,2.3%
1.先生,2018年9月3日,指導セット,1.583050847,1.8%
1.先生,2018年9月10日,指導セット,1.650326797,1.9%
1.先生,2018年9月17日,指導セット,1.434027778,1.7%
1.先生,2018年9月24日,指導セット,1.403846154,1.6%
1.先生,2018年10月1日,指導セット,1.469465649,1.7%
1.先生,2018年10月8日,指導セット,1.419230769,1.7%
1.先生,2018年10月15日,指導セット,1.409395973,1.6%
1.先生,2018年10月22日,指導セット,1.489436620,1.8%
1.先生,2018年10月29日,指導セット,1.314741036,1.5%
1.先生,2018年11月5日,指導セット,1.432539683,1.7%
1.先生,2018年11月12日,指導セット,1.359649123,1.5%
1.先生,2018年11月19日,指導セット,1.327272727,1.5%
1.先生,2018年11月26日,指導セット,1.556338028,1.7%
1.先生,2018年12月3日,指導セット,1.496376812,1.7%
1.先生,2018年4月2日,校内グループ,16.784397163,21.2%
1.先生,2018年4月9日,校内グループ,16.131436314,20.0%
1.先生,2018年4月16日,校内グループ,16.541558442,20.7%
1.先生,2018年4月23日,校内グループ,17.226533166,21.7%
1.先生,2018年4月30日,校内グループ,14.950138504,18.1%
1.先生,2018年5月7日,校内グループ,16.568265683,20.7%
1.先生,2018年5月14日,校内グループ,14.496886675,18.3%
1.先生,2018年5月21日,校内グループ,16.158343484,20.3%
1.先生,2018年5月28日,校内グループ,16.686893204,21.0%
1.先生,2018年6月4日,校内グループ,16.884287454,21.3%
1.先生,2018年6月11日,校内グループ,16.488207547,20.8%
1.先生,2018年6月18日,校内グループ,16.531865585,20.9%
1.先生,2018年6月25日,校内グループ,16.430769231,20.8%
1.先生,2018年7月2日,校内グループ,16.583625731,21.1%
1.先生,2018年7月9日,校内グループ,16.488262911,20.9%
1.先生,2018年7月16日,校内グループ,15.811299435,20.3%
1.先生,2018年7月23日,校内グループ,13.807825086,17.5%
1.先生,2018年7月30日,校内グループ,12.510131108,16.0%
1.先生,2018年8月6日,校内グループ,11.061946903,13.9%
1.先生,2018年8月13日,校内グループ,9.777158774,11.9%
1.先生,2018年8月20日,校内グループ,14.119512195,17.8%
1.先生,2018年8月27日,校内グループ,15.750853242,20.3%
1.先生,2018年9月3日,校内グループ,16.546391753,21.0%
1.先生,2018年9月10日,校内グループ,15.696245734,20.0%
1.先生,2018年9月17日,校内グループ,15.196531792,19.3%
1.先生,2018年9月24日,校内グループ,15.279955207,19.4%
1.先生,2018年10月1日,校内グループ,15.449664430,19.8%
1.先生,2018年10月8日,校内グループ,15.108139535,19.0%
1.先生,2018年10月15日,校内グループ,15.365603645,19.6%
1.先生,2018年10月22日,校内グループ,15.149438202,19.3%
1.先生,2018年10月29日,校内グループ,15.396990741,19.6%
1.先生,2018年11月5日,校内グループ,15.439135381,19.4%
1.先生,2018年11月12日,校内グループ,15.605355064,19.7%
1.先生,2018年11月19日,校内グループ,15.649227111,19.5%
1.先生,2018年11月26日,校内グループ,15.802247191,19.9%
1.先生,2018年12月3日,校内グループ,15.254295533,19.0%
1.先生,2018年4月2日,校外グループ,8.834054834,10.8%
1.先生,2018年4月9日,校外グループ,9.523224044,11.7%
1.先生,2018年4月16日,校外グループ,9.378129117,11.7%
1.先生,2018年4月23日,校外グループ,9.152585120,11.5%
1.先生,2018年4月30日,校外グループ,6.038516405,7.2%
1.先生,2018年5月7日,校外グループ,8.321969697,10.4%
1.先生,2018年5月14日,校外グループ,7.58125,9.5%
1.先生,2018年5月21日,校外グループ,7.396202532,9.2%
1.先生,2018年5月28日,校外グループ,7.316313823,9.2%
1.先生,2018年6月4日,校外グループ,6.676792224,8.4%
1.先生,2018年6月11日,校外グループ,6.874843554,8.6%
1.先生,2018年6月18日,校外グループ,6.669501823,8.4%
1.先生,2018年6月25日,校外グループ,6.534739454,8.2%
1.先生,2018年7月2日,校外グループ,6.163814181,7.8%
1.先生,2018年7月9日,校外グループ,6.125907990,7.7%
1.先生,2018年7月16日,校外グループ,5.965474723,7.5%
1.先生,2018年7月23日,校外グループ,5.168329177,6.5%
1.先生,2018年7月30日,校外グループ,4.269281046,5.3%
1.先生,2018年8月6日,校外グループ,3.617391304,4.4%
1.先生,2018年8月13日,校外グループ,2.975609756,3.6%
1.先生,2018年8月20日,校外グループ,4.958611482,6.1%
1.先生,2018年8月27日,校外グループ,6.158787879,7.8%
1.先生,2018年9月3日,校外グループ,6.453219927,8.1%
1.先生,2018年9月10日,校外グループ,5.713261649,7.1%
1.先生,2018年9月17日,校外グループ,5.161928307,6.4%
1.先生,2018年9月24日,校外グループ,5.249088700,6.5%
1.先生,2018年10月1日,校外グループ,5.067073171,6.3%
1.先生,2018年10月8日,校外グループ,4.641655886,5.7%
1.先生,2018年10月15日,校外グループ,5.217552534,6.6%
1.先生,2018年10月22日,校外グループ,5.289377289,6.6%
1.先生,2018年10月29日,校外グループ,4.987341772,6.2%
1.先生,2018年11月5日,校外グループ,5.237373737,6.4%
1.先生,2018年11月12日,校外グループ,4.902439024,6.0%
1.先生,2018年11月19日,校外グループ,4.779237845,5.8%
1.先生,2018年11月26日,校外グループ,5.4225,6.7%
1.先生,2018年12月3日,校外グループ,5.139064475,6.4%
1.先生,2018年4月2日,学習動画,4.505219207,5.6%
1.先生,2018年4月9日,学習動画,3.26953125,3.9%
1.先生,2018年4月16日,学習動画,3.129824561,3.9%
1.先生,2018年4月23日,学習動画,3.470198675,4.3%
1.先生,2018年4月30日,学習動画,2.450248756,2.9%
1.先生,2018年5月7日,学習動画,3.014678899,3.6%
1.先生,2018年5月14日,学習動画,3.005319149,3.6%
1.先生,2018年5月21日,学習動画,3.155143339,3.8%
1.先生,2018年5月28日,学習動画,2.817717206,3.5%
1.先生,2018年6月4日,学習動画,2.814487633,3.4%
1.先生,2018年6月11日,学習動画,2.864379085,3.5%
1.先生,2018年6月18日,学習動画,2.579044118,3.2%
1.先生,2018年6月25日,学習動画,2.554744526,3.1%
1.先生,2018年7月2日,学習動画,2.475675676,3.1%
1.先生,2018年7月9日,学習動画,2.388571429,3.0%
1.先生,2018年7月16日,学習動画,2.413001912,3.0%
1.先生,2018年7月23日,学習動画,2.044897959,2.6%
1.先生,2018年7月30日,学習動画,1.947807933,2.5%
1.先生,2018年8月6日,学習動画,1.644376900,2.1%
1.先生,2018年8月13日,学習動画,1.412244898,1.7%
1.先生,2018年8月20日,学習動画,1.901041667,2.4%
1.先生,2018年8月27日,学習動画,2.405797101,2.9%
1.先生,2018年9月3日,学習動画,2.2,2.7%
1.先生,2018年9月10日,学習動画,2.200863931,2.7%
1.先生,2018年9月17日,学習動画,1.854978355,2.3%
1.先生,2018年9月24日,学習動画,1.837259101,2.3%
1.先生,2018年10月1日,学習動画,2.066398390,2.5%
1.先生,2018年10月8日,学習動画,2.119747899,2.6%
1.先生,2018年10月15日,学習動画,2.231388330,2.7%
1.先生,2018年10月22日,学習動画,2.223282443,2.8%
1.先生,2018年10月29日,学習動画,2.133757962,2.6%
1.先生,2018年11月5日,学習動画,1.963488844,2.4%
1.先生,2018年11月12日,学習動画,1.933920705,2.4%
1.先生,2018年11月19日,学習動画,1.775456919,2.1%
1.先生,2018年11月26日,学習動画,1.819196429,2.2%
1.先生,2018年12月3日,学習動画,1.933014354,2.3%
1.先生,2018年4月2日,学習記録,5.131238447,6.4%
1.先生,2018年4月9日,学習記録,5.463458111,6.8%
1.先生,2018年4月16日,学習記録,6.058631922,7.5%
1.先生,2018年4月23日,学習記録,6.759055118,8.4%
1.先生,2018年4月30日,学習記録,5.642728905,6.9%
1.先生,2018年5月7日,学習記録,6.698650675,8.2%
1.先生,2018年5月14日,学習記録,6.824060150,8.6%
1.先生,2018年5月21日,学習記録,7.048265460,8.9%
1.先生,2018年5月28日,学習記録,6.637048193,8.3%
1.先生,2018年6月4日,学習記録,6.579025111,8.2%
1.先生,2018年6月11日,学習記録,6.434210526,8.2%
1.先生,2018年6月18日,学習記録,6.309352518,8.1%
1.先生,2018年6月25日,学習記録,6.476052250,8.1%
1.先生,2018年7月2日,学習記録,5.960283688,7.6%
1.先生,2018年7月9日,学習記録,5.746008708,7.4%
1.先生,2018年7月16日,学習記録,5.560906516,7.1%
1.先生,2018年7月23日,学習記録,5.319875776,6.7%
1.先生,2018年7月30日,学習記録,4.937106918,6.3%
1.先生,2018年8月6日,学習記録,4.567084079,5.8%
1.先生,2018年8月13日,学習記録,4.182364729,5.2%
1.先生,2018年8月20日,学習記録,4.946843854,6.3%
1.先生,2018年8月27日,学習記録,5.264661654,6.7%
1.先生,2018年9月3日,学習記録,5.471228616,6.9%
1.先生,2018年9月10日,学習記録,5.435779817,7.0%
1.先生,2018年9月17日,学習記録,5.164156627,6.5%
1.先生,2018年9月24日,学習記録,5.278963415,6.7%
1.先生,2018年10月1日,学習記録,5.308823529,6.7%
1.先生,2018年10月8日,学習記録,5.423780488,6.9%
1.先生,2018年10月15日,学習記録,5.399707174,6.9%
1.先生,2018年10月22日,学習記録,5.305514158,6.8%
1.先生,2018年10月29日,学習記録,5.303543914,6.7%
1.先生,2018年11月5日,学習記録,5.333333333,6.7%
1.先生,2018年11月12日,学習記録,5.447040498,7.0%
1.先生,2018年11月19日,学習記録,5.554662379,7.0%
1.先生,2018年11月26日,学習記録,5.556980057,7.0%
1.先生,2018年12月3日,学習記録,5.287234043,6.6%
1.先生,2018年4月2日,メッセージ,5.618860511,6.7%
1.先生,2018年4月9日,メッセージ,5.498188406,6.4%
1.先生,2018年4月16日,メッセージ,5.219819820,6.2%
1.先生,2018年4月23日,メッセージ,5.371186441,6.3%
1.先生,2018年4月30日,メッセージ,3.929313929,4.5%
1.先生,2018年5月7日,メッセージ,5.061328790,5.9%
1.先生,2018年5月14日,メッセージ,4.609797297,5.5%
1.先生,2018年5月21日,メッセージ,4.664948454,5.4%
1.先生,2018年5月28日,メッセージ,4.687392055,5.8%
1.先生,2018年6月4日,メッセージ,4.354304636,5.2%
1.先生,2018年6月11日,メッセージ,4.334448161,5.1%
1.先生,2018年6月18日,メッセージ,4.414383562,5.2%
1.先生,2018年6月25日,メッセージ,4.388513514,5.3%
1.先生,2018年7月2日,メッセージ,4.586267606,5.5%
1.先生,2018年7月9日,メッセージ,4.345299145,5.3%
1.先生,2018年7月16日,メッセージ,4.123128120,5.0%
1.先生,2018年7月23日,メッセージ,4.084192440,4.9%
1.先生,2018年7月30日,メッセージ,3.874773140,4.7%
1.先生,2018年8月6日,メッセージ,3.525896414,4.3%
1.先生,2018年8月13日,メッセージ,3.273838631,3.9%
1.先生,2018年8月20日,メッセージ,4.126953125,4.9%
1.先生,2018年8月27日,メッセージ,4.215652174,5.1%
1.先生,2018年9月3日,メッセージ,4.366548043,5.2%
1.先生,2018年9月10日,メッセージ,4.202554745,5.0%
1.先生,2018年9月17日,メッセージ,4.007677543,4.7%
1.先生,2018年9月24日,メッセージ,4.196039604,4.9%
1.先生,2018年10月1日,メッセージ,4.125,5.0%
1.先生,2018年10月8日,メッセージ,4.213725490,4.9%
1.先生,2018年10月15日,メッセージ,4.209615385,4.9%
1.先生,2018年10月22日,メッセージ,4.118867925,4.9%
1.先生,2018年10月29日,メッセージ,4.133980583,4.8%
1.先生,2018年11月5日,メッセージ,4.278210117,5.0%
1.先生,2018年11月12日,メッセージ,4.314229249,4.9%
1.先生,2018年11月19日,メッセージ,4.199592668,4.9%
1.先生,2018年11月26日,メッセージ,4.460803059,5.1%
1.先生,2018年12月3日,メッセージ,4.309090909,4.9%
1.先生,2018年4月9日,ポートフォリオ,4.489130435,5.5%
1.先生,2018年4月16日,ポートフォリオ,4.613293051,5.7%
1.先生,2018年4月23日,ポートフォリオ,4.803724928,6.0%
1.先生,2018年4月30日,ポートフォリオ,3.358974359,4.0%
1.先生,2018年5月7日,ポートフォリオ,4.651917404,5.7%
1.先生,2018年5月14日,ポートフォリオ,4.529585799,5.6%
1.先生,2018年5月21日,ポートフォリオ,4.592972182,5.7%
1.先生,2018年5月28日,ポートフォリオ,4.895460798,6.2%
1.先生,2018年6月4日,ポートフォリオ,4.858870968,6.2%
1.先生,2018年6月11日,ポートフォリオ,4.782903664,6.0%
1.先生,2018年6月18日,ポートフォリオ,4.540871935,5.7%
1.先生,2018年6月25日,ポートフォリオ,4.560669456,5.9%
1.先生,2018年7月2日,ポートフォリオ,3.948993289,5.0%
1.先生,2018年7月9日,ポートフォリオ,4.176470588,5.4%
1.先生,2018年7月16日,ポートフォリオ,4.721568627,6.0%
1.先生,2018年7月23日,ポートフォリオ,3.671232877,4.7%
1.先生,2018年7月30日,ポートフォリオ,3.216255443,4.1%
1.先生,2018年8月6日,ポートフォリオ,2.664037855,3.5%
1.先生,2018年8月13日,ポートフォリオ,2.337121212,2.9%
1.先生,2018年8月20日,ポートフォリオ,3.266666667,4.2%
1.先生,2018年8月27日,ポートフォリオ,4.671562083,6.0%
1.先生,2018年9月3日,ポートフォリオ,4.115226337,5.2%
1.先生,2018年9月10日,ポートフォリオ,4.129242820,5.4%
1.先生,2018年9月17日,ポートフォリオ,3.821329640,4.9%
1.先生,2018年9月24日,ポートフォリオ,3.581329562,4.6%
1.先生,2018年10月1日,ポートフォリオ,3.754820937,4.8%
1.先生,2018年10月8日,ポートフォリオ,3.594850949,4.5%
1.先生,2018年10月15日,ポートフォリオ,3.769335142,4.8%
1.先生,2018年10月22日,ポートフォリオ,3.730013106,4.8%
1.先生,2018年10月29日,ポートフォリオ,3.733783784,4.8%
1.先生,2018年11月5日,ポートフォリオ,3.830238727,4.9%
1.先生,2018年11月12日,ポートフォリオ,3.924263675,5.1%
1.先生,2018年11月19日,ポートフォリオ,3.622478386,4.5%
1.先生,2018年11月26日,ポートフォリオ,4.085638999,5.2%
1.先生,2018年12月3日,ポートフォリオ,3.692729767,4.6%
1.先生,2018年4月2日,コンテンツボックス,8.773584906,10.5%
1.先生,2018年4月9日,コンテンツボックス,7.751712329,9.2%
1.先生,2018年4月16日,コンテンツボックス,7.891846922,9.3%
1.先生,2018年4月23日,コンテンツボックス,7.368503937,8.8%
1.先生,2018年4月30日,コンテンツボックス,5.140594059,5.9%
1.先生,2018年5月7日,コンテンツボックス,7.567092652,9.0%
1.先生,2018年5月14日,コンテンツボックス,7.017857143,8.3%
1.先生,2018年5月21日,コンテンツボックス,6.757142857,8.0%
1.先生,2018年5月28日,コンテンツボックス,6.463157895,7.9%
1.先生,2018年6月4日,コンテンツボックス,6.811127379,8.2%
1.先生,2018年6月11日,コンテンツボックス,6.344086022,7.5%
1.先生,2018年6月18日,コンテンツボックス,6.525236593,7.8%
1.先生,2018年6月25日,コンテンツボックス,6.320325203,7.6%
1.先生,2018年7月2日,コンテンツボックス,6.433006536,7.7%
1.先生,2018年7月9日,コンテンツボックス,6.344051447,7.8%
1.先生,2018年7月16日,コンテンツボックス,6.354992076,7.7%
1.先生,2018年7月23日,コンテンツボックス,4.280612245,5.2%
1.先生,2018年7月30日,コンテンツボックス,3.905950096,4.7%
1.先生,2018年8月6日,コンテンツボックス,2.831775701,3.5%
1.先生,2018年8月13日,コンテンツボックス,2.969863014,3.4%
1.先生,2018年8月20日,コンテンツボックス,5.080808081,6.0%
1.先生,2018年8月27日,コンテンツボックス,5.823825503,6.9%
1.先生,2018年9月3日,コンテンツボックス,5.930153322,6.9%
1.先生,2018年9月10日,コンテンツボックス,6.140703518,7.1%
1.先生,2018年9月17日,コンテンツボックス,5.848275862,6.9%
1.先生,2018年9月24日,コンテンツボックス,5.743986254,6.7%
1.先生,2018年10月1日,コンテンツボックス,5.951972556,7.1%
1.先生,2018年10月8日,コンテンツボックス,5.618629174,6.5%
1.先生,2018年10月15日,コンテンツボックス,5.785340314,6.7%
1.先生,2018年10月22日,コンテンツボックス,6.276408451,7.3%
1.先生,2018年10月29日,コンテンツボックス,5.922800718,6.9%
1.先生,2018年11月5日,コンテンツボックス,5.793867121,6.7%
1.先生,2018年11月12日,コンテンツボックス,6.033670034,7.0%
1.先生,2018年11月19日,コンテンツボックス,5.731397459,6.6%
1.先生,2018年11月26日,コンテンツボックス,6.138486312,7.1%
1.先生,2018年12月3日,コンテンツボックス,5.655652174,6.5%
1.先生,2018年4月2日,カレンダー,5.993449782,7.2%
1.先生,2018年4月9日,カレンダー,5.152034261,6.0%
1.先生,2018年4月16日,カレンダー,4.959574468,5.8%
1.先生,2018年4月23日,カレンダー,4.884086444,5.8%
1.先生,2018年4月30日,カレンダー,4.069518717,4.7%
1.先生,2018年5月7日,カレンダー,4.423868313,5.1%
1.先生,2018年5月14日,カレンダー,4.501079914,5.2%
1.先生,2018年5月21日,カレンダー,4.364779874,5.1%
1.先生,2018年5月28日,カレンダー,4.367483296,5.2%
1.先生,2018年6月4日,カレンダー,4.451685393,5.1%
1.先生,2018年6月11日,カレンダー,4.448356808,5.1%
1.先生,2018年6月18日,カレンダー,4.369668246,5.1%
1.先生,2018年6月25日,カレンダー,4.333333333,5.0%
1.先生,2018年7月2日,カレンダー,4.366265060,5.0%
1.先生,2018年7月9日,カレンダー,4.343358396,4.9%
1.先生,2018年7月16日,カレンダー,4.350132626,4.9%
1.先生,2018年7月23日,カレンダー,3.296918768,3.7%
1.先生,2018年7月30日,カレンダー,3.289902280,3.8%
1.先生,2018年8月6日,カレンダー,3.127572016,3.5%
1.先生,2018年8月13日,カレンダー,2.686635945,3.1%
1.先生,2018年8月20日,カレンダー,3.990384615,4.5%
1.先生,2018年8月27日,カレンダー,4.286082474,4.9%
1.先生,2018年9月3日,カレンダー,4.497326203,5.0%
1.先生,2018年9月10日,カレンダー,4.498622590,5.2%
1.先生,2018年9月17日,カレンダー,4.381355932,4.8%
1.先生,2018年9月24日,カレンダー,4.241758242,4.9%
1.先生,2018年10月1日,カレンダー,4.470254958,5.1%
1.先生,2018年10月8日,カレンダー,4.511976048,5.1%
1.先生,2018年10月15日,カレンダー,4.332425068,4.9%
1.先生,2018年10月22日,カレンダー,4.412650602,5.0%
1.先生,2018年10月29日,カレンダー,4.595808383,5.2%
1.先生,2018年11月5日,カレンダー,4.746913580,5.5%
1.先生,2018年11月12日,カレンダー,4.470930233,5.0%
1.先生,2018年11月19日,カレンダー,4.618618619,5.3%
1.先生,2018年11月26日,カレンダー,4.392857143,5.0%
1.先生,2018年12月3日,カレンダー,4.573913043,5.1%
1.先生,2018年4月2日,アンケート,9.396825397,11.3%
1.先生,2018年4月9日,アンケート,8.476265823,10.3%
1.先生,2018年4月16日,アンケート,9.007288630,11.1%
1.先生,2018年4月23日,アンケート,9.227142857,11.3%
1.先生,2018年4月30日,アンケート,6.137190083,7.4%
1.先生,2018年5月7日,アンケート,8.945147679,11.0%
1.先生,2018年5月14日,アンケート,8.780419580,10.9%
1.先生,2018年5月21日,アンケート,8.821525886,10.9%
1.先生,2018年5月28日,アンケート,8.853562005,11.0%
1.先生,2018年6月4日,アンケート,8.929032258,11.4%
1.先生,2018年6月11日,アンケート,8.578947368,10.7%
1.先生,2018年6月18日,アンケート,8.567183463,10.8%
1.先生,2018年6月25日,アンケート,8.378205128,10.5%
1.先生,2018年7月2日,アンケート,8.099255583,10.3%
1.先生,2018年7月9日,アンケート,8.331713244,10.7%
1.先生,2018年7月16日,アンケート,8.507878788,10.9%
1.先生,2018年7月23日,アンケート,6.404145078,8.1%
1.先生,2018年7月30日,アンケート,5.430536451,6.8%
1.先生,2018年8月6日,アンケート,3.979559748,5.0%
1.先生,2018年8月13日,アンケート,2.947463768,3.6%
1.先生,2018年8月20日,アンケート,5.429985856,6.8%
1.先生,2018年8月27日,アンケート,7.740359897,9.8%
1.先生,2018年9月3日,アンケート,7.441326531,9.3%
1.先生,2018年9月10日,アンケート,7.245982695,9.2%
1.先生,2018年9月17日,アンケート,6.945068664,8.8%
1.先生,2018年9月24日,アンケート,6.924552430,8.7%
1.先生,2018年10月1日,アンケート,7.031172070,8.9%
1.先生,2018年10月8日,アンケート,6.799237611,8.5%
1.先生,2018年10月15日,アンケート,6.993757803,8.8%
1.先生,2018年10月22日,アンケート,7.084788030,9.1%
1.先生,2018年10月29日,アンケート,7.221668742,9.2%
1.先生,2018年11月5日,アンケート,7.266009852,9.0%
1.先生,2018年11月12日,アンケート,7.346683354,9.2%
1.先生,2018年11月19日,アンケート,7.166240409,8.9%
1.先生,2018年11月26日,アンケート,8.121553885,10.1%
1.先生,2018年12月3日,アンケート,7.228395062,9.0%
1.先生,2018年4月2日,Webドリル,3.249411765,4.0%
1.先生,2018年4月9日,Webドリル,2.431603774,3.0%
1.先生,2018年4月16日,Webドリル,2.570230608,3.2%
1.先生,2018年4月23日,Webドリル,2.698151951,3.3%
1.先生,2018年4月30日,Webドリル,1.747720365,2.1%
1.先生,2018年5月7日,Webドリル,2.309859155,2.9%
1.先生,2018年5月14日,Webドリル,1.539285714,1.9%
1.先生,2018年5月21日,Webドリル,2.344186047,2.9%
1.先生,2018年5月28日,Webドリル,2.147186147,2.7%
1.先生,2018年6月4日,Webドリル,2.039260970,2.5%
1.先生,2018年6月11日,Webドリル,2.041580042,2.5%
1.先生,2018年6月18日,Webドリル,1.883516484,2.3%
1.先生,2018年6月25日,Webドリル,1.972602740,2.4%
1.先生,2018年7月2日,Webドリル,1.860294118,2.4%
1.先生,2018年7月9日,Webドリル,1.683950617,2.1%
1.先生,2018年7月16日,Webドリル,1.891191710,2.4%
1.先生,2018年7月23日,Webドリル,1.559171598,2.0%
1.先生,2018年7月30日,Webドリル,1.488805970,2.0%
1.先生,2018年8月6日,Webドリル,1.298969072,1.7%
1.先生,2018年8月13日,Webドリル,1.245901639,1.6%
1.先生,2018年8月20日,Webドリル,1.531468531,1.9%
1.先生,2018年8月27日,Webドリル,2.029850746,2.5%
1.先生,2018年9月3日,Webドリル,1.693121693,2.1%
1.先生,2018年9月10日,Webドリル,1.651832461,2.1%
1.先生,2018年9月17日,Webドリル,1.635014837,2.1%
1.先生,2018年9月24日,Webドリル,1.475884244,1.8%
1.先生,2018年10月1日,Webドリル,1.569732938,1.9%
1.先生,2018年10月8日,Webドリル,1.529595016,1.8%
1.先生,2018年10月15日,Webドリル,1.634782609,2.0%
1.先生,2018年10月22日,Webドリル,1.584905660,1.9%
1.先生,2018年10月29日,Webドリル,1.549079755,1.8%
1.先生,2018年11月5日,Webドリル,1.486068111,1.7%
1.先生,2018年11月12日,Webドリル,1.485714286,1.7%
1.先生,2018年11月19日,Webドリル,1.412451362,1.7%
1.先生,2018年11月26日,Webドリル,1.495356037,1.8%
1.先生,2018年12月3日,Webドリル,1.550335570,1.8%
1.先生,2018年4月2日,Webテスト,4.998087954,6.2%
1.先生,2018年4月9日,Webテスト,3.829357798,4.7%
1.先生,2018年4月16日,Webテスト,4.078498294,5.1%
1.先生,2018年4月23日,Webテスト,4.371753247,5.6%
1.先生,2018年4月30日,Webテスト,3.012578616,3.7%
1.先生,2018年5月7日,Webテスト,3.863414634,4.8%
1.先生,2018年5月14日,Webテスト,3.767594108,4.7%
1.先生,2018年5月21日,Webテスト,3.905,4.9%
1.先生,2018年5月28日,Webテスト,3.460443038,4.5%
1.先生,2018年6月4日,Webテスト,3.679611650,4.6%
1.先生,2018年6月11日,Webテスト,3.586206897,4.6%
1.先生,2018年6月18日,Webテスト,3.348580442,4.2%
1.先生,2018年6月25日,Webテスト,3.372424723,4.4%
1.先生,2018年7月2日,Webテスト,2.967266776,3.8%
1.先生,2018年7月9日,Webテスト,2.915662651,3.7%
1.先生,2018年7月16日,Webテスト,2.893428064,3.7%
1.先生,2018年7月23日,Webテスト,2.563106796,3.4%
1.先生,2018年7月30日,Webテスト,2.262582057,2.9%
1.先生,2018年8月6日,Webテスト,1.886699507,2.5%
1.先生,2018年8月13日,Webテスト,1.787671233,2.2%
1.先生,2018年8月20日,Webテスト,2.523913043,3.3%
1.先生,2018年8月27日,Webテスト,3.214067278,4.1%
1.先生,2018年9月3日,Webテスト,2.949675325,3.6%
1.先生,2018年9月10日,Webテスト,2.867364747,3.7%
1.先生,2018年9月17日,Webテスト,2.861623616,3.6%
1.先生,2018年9月24日,Webテスト,2.659420290,3.5%
1.先生,2018年10月1日,Webテスト,2.743922204,3.6%
1.先生,2018年10月8日,Webテスト,2.716606498,3.4%
1.先生,2018年10月15日,Webテスト,2.904424779,3.6%
1.先生,2018年10月22日,Webテスト,2.943396226,3.8%
1.先生,2018年10月29日,Webテスト,2.871428571,3.7%
1.先生,2018年11月5日,Webテスト,2.867030965,3.6%
1.先生,2018年11月12日,Webテスト,2.823529412,3.5%
1.先生,2018年11月19日,Webテスト,2.530815109,3.2%
1.先生,2018年11月26日,Webテスト,2.675136116,3.4%
1.先生,2018年12月3日,Webテスト,2.492565056,3.1%
2.生徒,2018年4月2日,生徒カルテ,24.159049360,3.1%
2.生徒,2018年4月9日,生徒カルテ,51.952606635,7.0%
2.生徒,2018年4月16日,生徒カルテ,57.198838897,7.9%
2.生徒,2018年4月23日,生徒カルテ,68.442441054,9.6%
2.生徒,2018年4月30日,生徒カルテ,46.445530726,6.5%
2.生徒,2018年5月7日,生徒カルテ,60.118404118,8.8%
2.生徒,2018年5月14日,生徒カルテ,57.454317897,8.4%
2.生徒,2018年5月21日,生徒カルテ,54.453874539,7.9%
2.生徒,2018年5月28日,生徒カルテ,52.992831541,7.8%
2.生徒,2018年6月4日,生徒カルテ,52.018691589,7.8%
2.生徒,2018年6月11日,生徒カルテ,43.613122172,6.6%
2.生徒,2018年6月18日,生徒カルテ,50.552188552,7.7%
2.生徒,2018年6月25日,生徒カルテ,42.443219405,6.5%
2.生徒,2018年7月2日,生徒カルテ,38.917672887,6.0%
2.生徒,2018年7月9日,生徒カルテ,45.621390374,7.1%
2.生徒,2018年7月16日,生徒カルテ,46.636268344,7.3%
2.生徒,2018年7月23日,生徒カルテ,30.318036286,4.7%
2.生徒,2018年7月30日,生徒カルテ,52.271367521,8.1%
2.生徒,2018年8月6日,生徒カルテ,50.792432432,8.1%
2.生徒,2018年8月13日,生徒カルテ,38.933478735,6.0%
2.生徒,2018年8月20日,生徒カルテ,44.941747573,7.0%
2.生徒,2018年8月27日,生徒カルテ,40.515756303,6.4%
2.生徒,2018年9月3日,生徒カルテ,38.465067779,6.1%
2.生徒,2018年9月10日,生徒カルテ,42.311850312,6.7%
2.生徒,2018年9月17日,生徒カルテ,42.373417722,6.6%
2.生徒,2018年9月24日,生徒カルテ,42.723618090,6.8%
2.生徒,2018年10月1日,生徒カルテ,53.350248756,8.5%
2.生徒,2018年10月8日,生徒カルテ,43.095,6.9%
2.生徒,2018年10月15日,生徒カルテ,38.368527919,6.0%
2.生徒,2018年10月22日,生徒カルテ,40.522567703,6.3%
2.生徒,2018年10月29日,生徒カルテ,40.583416583,6.4%
2.生徒,2018年11月5日,生徒カルテ,44.920398010,7.1%
2.生徒,2018年11月12日,生徒カルテ,43.037260826,6.8%
2.生徒,2018年11月19日,生徒カルテ,44.152542373,7.0%
2.生徒,2018年11月26日,生徒カルテ,126.288954635,20.0%
2.生徒,2018年12月3日,生徒カルテ,64.378217822,10.2%
2.生徒,2018年4月16日,授業記録,1,0.1%
2.生徒,2018年4月23日,授業記録,1,0.0%
2.生徒,2018年5月7日,授業記録,1,0.3%
2.生徒,2018年5月14日,授業記録,1,0.3%
2.生徒,2018年6月4日,授業記録,1,0.1%
2.生徒,2018年6月11日,授業記録,1,0.2%
2.生徒,2018年6月18日,授業記録,1,0.2%
2.生徒,2018年8月27日,授業記録,1,0.1%
2.生徒,2018年4月2日,校内グループ,98.413494810,12.5%
2.生徒,2018年4月9日,校内グループ,163.892141757,22.1%
2.生徒,2018年4月16日,校内グループ,174.111587983,24.3%
2.生徒,2018年4月23日,校内グループ,184.857923497,26.0%
2.生徒,2018年4月30日,校内グループ,167.496607870,23.8%
2.生徒,2018年5月7日,校内グループ,181.927109974,26.4%
2.生徒,2018年5月14日,校内グループ,152.480295567,22.5%
2.生徒,2018年5月21日,校内グループ,170.001206273,25.1%
2.生徒,2018年5月28日,校内グループ,181.103529412,27.0%
2.生徒,2018年6月4日,校内グループ,179.45,27.2%
2.生徒,2018年6月11日,校内グループ,169.607973422,25.9%
2.生徒,2018年6月18日,校内グループ,178.976008724,27.6%
2.生徒,2018年6月25日,校内グループ,169.711373391,26.5%
2.生徒,2018年7月2日,校内グループ,178.103703704,27.7%
2.生徒,2018年7月9日,校内グループ,169.959290188,26.6%
2.生徒,2018年7月16日,校内グループ,165.231869254,26.2%
2.生徒,2018年7月23日,校内グループ,137.093939394,21.7%
2.生徒,2018年7月30日,校内グループ,121.519918284,19.3%
2.生徒,2018年8月6日,校内グループ,107.367283951,17.0%
2.生徒,2018年8月13日,校内グループ,101.585215606,16.1%
2.生徒,2018年8月20日,校内グループ,139.705822268,22.2%
2.生徒,2018年8月27日,校内グループ,156.855991944,25.1%
2.生徒,2018年9月3日,校内グループ,161.288442211,25.8%
2.生徒,2018年9月10日,校内グループ,141.935064935,22.9%
2.生徒,2018年9月17日,校内グループ,136.693147964,22.0%
2.生徒,2018年9月24日,校内グループ,143.020872865,23.3%
2.生徒,2018年10月1日,校内グループ,147.095553453,23.8%
2.生徒,2018年10月8日,校内グループ,135.711685824,22.0%
2.生徒,2018年10月15日,校内グループ,133.310511090,21.4%
2.生徒,2018年10月22日,校内グループ,131.396749522,21.2%
2.生徒,2018年10月29日,校内グループ,128.555235351,20.7%
2.生徒,2018年11月5日,校内グループ,129.404011461,20.8%
2.生徒,2018年11月12日,校内グループ,127.115052733,20.4%
2.生徒,2018年11月19日,校内グループ,128.811776062,20.8%
2.生徒,2018年11月26日,校内グループ,150.443486590,24.1%
2.生徒,2018年12月3日,校内グループ,132.650579151,21.3%
2.生徒,2018年4月2日,学習動画,18.166351607,2.3%
2.生徒,2018年4月9日,学習動画,37.506289308,5.1%
2.生徒,2018年4月16日,学習動画,37.132835821,5.2%
2.生徒,2018年4月23日,学習動画,37.955903272,5.3%
2.生徒,2018年4月30日,学習動画,29.932952924,4.2%
2.生徒,2018年5月7日,学習動画,34.572377158,4.9%
2.生徒,2018年5月14日,学習動画,32.924784217,4.9%
2.生徒,2018年5月21日,学習動画,29.001237624,4.3%
2.生徒,2018年5月28日,学習動画,26.785982478,3.9%
2.生徒,2018年6月4日,学習動画,25.635824437,3.8%
2.生徒,2018年6月11日,学習動画,24.629714286,3.7%
2.生徒,2018年6月18日,学習動画,23.908352668,3.6%
2.生徒,2018年6月25日,学習動画,23.994375703,3.7%
2.生徒,2018年7月2日,学習動画,24.137624861,3.7%
2.生徒,2018年7月9日,学習動画,21.235817575,3.3%
2.生徒,2018年7月16日,学習動画,18.984564498,3.0%
2.生徒,2018年7月23日,学習動画,15.636465324,2.4%
2.生徒,2018年7月30日,学習動画,13.410313901,2.1%
2.生徒,2018年8月6日,学習動画,12.014117647,1.9%
2.生徒,2018年8月13日,学習動画,11.950059453,1.8%
2.生徒,2018年8月20日,学習動画,14.603488372,2.2%
2.生徒,2018年8月27日,学習動画,16.471655329,2.5%
2.生徒,2018年9月3日,学習動画,14.665173572,2.3%
2.生徒,2018年9月10日,学習動画,14.069306931,2.2%
2.生徒,2018年9月17日,学習動画,13.688124306,2.1%
2.生徒,2018年9月24日,学習動画,14.314315353,2.3%
2.生徒,2018年10月1日,学習動画,15.234736842,2.4%
2.生徒,2018年10月8日,学習動画,15.015706806,2.4%
2.生徒,2018年10月15日,学習動画,17.854410202,2.8%
2.生徒,2018年10月22日,学習動画,19.727664155,3.1%
2.生徒,2018年10月29日,学習動画,19.010845987,3.0%
2.生徒,2018年11月5日,学習動画,14.435706695,2.2%
2.生徒,2018年11月12日,学習動画,12.490850377,1.9%
2.生徒,2018年11月19日,学習動画,12.065450644,1.9%
2.生徒,2018年11月26日,学習動画,13.927685950,2.2%
2.生徒,2018年12月3日,学習動画,11.821729958,1.8%
2.生徒,2018年4月2日,学習記録,46.436265709,6.0%
2.生徒,2018年4月9日,学習記録,117.316199377,16.0%
2.生徒,2018年4月16日,学習記録,131.533430233,18.2%
2.生徒,2018年4月23日,学習記録,141.642758621,19.9%
2.生徒,2018年4月30日,学習記録,123.995844875,17.5%
2.生徒,2018年5月7日,学習記録,145.134615385,21.2%
2.生徒,2018年5月14日,学習記録,146.660869565,21.5%
2.生徒,2018年5月21日,学習記録,138.527980535,20.4%
2.生徒,2018年5月28日,学習記録,133.626760563,19.9%
2.生徒,2018年6月4日,学習記録,134.669373550,20.4%
2.生徒,2018年6月11日,学習記録,127.765033408,19.5%
2.生徒,2018年6月18日,学習記録,133.296255507,20.5%
2.生徒,2018年6月25日,学習記録,124.912486660,19.5%
2.生徒,2018年7月2日,学習記録,118.702673797,18.5%
2.生徒,2018年7月9日,学習記録,111.868421053,17.6%
2.生徒,2018年7月16日,学習記録,110.785123967,17.6%
2.生徒,2018年7月23日,学習記録,84.578512397,13.3%
2.生徒,2018年7月30日,学習記録,78.160164271,12.3%
2.生徒,2018年8月6日,学習記録,66.588900308,10.6%
2.生徒,2018年8月13日,学習記録,62.418219462,10.0%
2.生徒,2018年8月20日,学習記録,79.245087901,12.7%
2.生徒,2018年8月27日,学習記録,94.056795132,15.1%
2.生徒,2018年9月3日,学習記録,96.947580645,15.5%
2.生徒,2018年9月10日,学習記録,93.275931521,15.1%
2.生徒,2018年9月17日,学習記録,92.029175050,14.8%
2.生徒,2018年9月24日,学習記録,93.145873321,15.0%
2.生徒,2018年10月1日,学習記録,96.667935300,15.8%
2.生徒,2018年10月8日,学習記録,93.036363636,15.1%
2.生徒,2018年10月15日,学習記録,92.094685990,14.7%
2.生徒,2018年10月22日,学習記録,90.209213052,14.6%
2.生徒,2018年10月29日,学習記録,89.898157129,14.5%
2.生徒,2018年11月5日,学習記録,89.800578035,14.3%
2.生徒,2018年11月12日,学習記録,90.875968992,14.5%
2.生徒,2018年11月19日,学習記録,91.058139535,14.6%
2.生徒,2018年11月26日,学習記録,116.716489875,18.6%
2.生徒,2018年12月3日,学習記録,90.249518304,14.5%
2.生徒,2018年4月2日,メッセージ,12.336322870,1.5%
2.生徒,2018年4月9日,メッセージ,33.118279570,4.2%
2.生徒,2018年4月16日,メッセージ,30.644151565,4.1%
2.生徒,2018年4月23日,メッセージ,28.320930233,3.8%
2.生徒,2018年4月30日,メッセージ,18.856692913,2.5%
2.生徒,2018年5月7日,メッセージ,23.603107345,3.3%
2.生徒,2018年5月14日,メッセージ,21.032520325,3.0%
2.生徒,2018年5月21日,メッセージ,18.112299465,2.6%
2.生徒,2018年5月28日,メッセージ,19.127107652,2.8%
2.生徒,2018年6月4日,メッセージ,18.516605166,2.7%
2.生徒,2018年6月11日,メッセージ,16.621193666,2.5%
2.生徒,2018年6月18日,メッセージ,17.117224880,2.5%
2.生徒,2018年6月25日,メッセージ,15.390995261,2.3%
2.生徒,2018年7月2日,メッセージ,15.075205640,2.2%
2.生徒,2018年7月9日,メッセージ,13.522285714,2.0%
2.生徒,2018年7月16日,メッセージ,14.489864865,2.2%
2.生徒,2018年7月23日,メッセージ,12.306242638,1.8%
2.生徒,2018年7月30日,メッセージ,10.787081340,1.6%
2.生徒,2018年8月6日,メッセージ,9.323891626,1.4%
2.生徒,2018年8月13日,メッセージ,8.751269036,1.3%
2.生徒,2018年8月20日,メッセージ,11.766310795,1.8%
2.生徒,2018年8月27日,メッセージ,13.161104718,2.0%
2.生徒,2018年9月3日,メッセージ,12.314543405,1.9%
2.生徒,2018年9月10日,メッセージ,11.375586854,1.7%
2.生徒,2018年9月17日,メッセージ,10.859835100,1.6%
2.生徒,2018年9月24日,メッセージ,11.207821229,1.7%
2.生徒,2018年10月1日,メッセージ,10.861419069,1.6%
2.生徒,2018年10月8日,メッセージ,10.677272727,1.6%
2.生徒,2018年10月15日,メッセージ,10.524855491,1.6%
2.生徒,2018年10月22日,メッセージ,10.592592593,1.6%
2.生徒,2018年10月29日,メッセージ,9.923875433,1.5%
2.生徒,2018年11月5日,メッセージ,9.332568807,1.4%
2.生徒,2018年11月12日,メッセージ,9.175029172,1.4%
2.生徒,2018年11月19日,メッセージ,8.486873508,1.3%
2.生徒,2018年11月26日,メッセージ,11.115973742,1.7%
2.生徒,2018年12月3日,メッセージ,9.226107226,1.4%
2.生徒,2018年4月9日,ポートフォリオ,38.729865772,5.2%
2.生徒,2018年4月16日,ポートフォリオ,44.6208,6.0%
2.生徒,2018年4月23日,ポートフォリオ,45.344461305,6.3%
2.生徒,2018年4月30日,ポートフォリオ,33.801282051,4.5%
2.生徒,2018年5月7日,ポートフォリオ,47.468354430,6.7%
2.生徒,2018年5月14日,ポートフォリオ,42.979674797,6.1%
2.生徒,2018年5月21日,ポートフォリオ,42.643431635,6.1%
2.生徒,2018年5月28日,ポートフォリオ,45.512690355,6.7%
2.生徒,2018年6月4日,ポートフォリオ,49.077873918,7.2%
2.生徒,2018年6月11日,ポートフォリオ,43.934131737,6.5%
2.生徒,2018年6月18日,ポートフォリオ,41.813898704,6.3%
2.生徒,2018年6月25日,ポートフォリオ,36.72,5.6%
2.生徒,2018年7月2日,ポートフォリオ,27.847319347,4.2%
2.生徒,2018年7月9日,ポートフォリオ,41.350225225,6.3%
2.生徒,2018年7月16日,ポートフォリオ,47.955142232,7.5%
2.生徒,2018年7月23日,ポートフォリオ,27.668166479,4.2%
2.生徒,2018年7月30日,ポートフォリオ,24.247228381,3.7%
2.生徒,2018年8月6日,ポートフォリオ,20.219146482,3.1%
2.生徒,2018年8月13日,ポートフォリオ,18.192899408,2.8%
2.生徒,2018年8月20日,ポートフォリオ,26.459521095,4.1%
2.生徒,2018年8月27日,ポートフォリオ,35.743392070,5.6%
2.生徒,2018年9月3日,ポートフォリオ,32.722717149,5.1%
2.生徒,2018年9月10日,ポートフォリオ,32.023076923,5.1%
2.生徒,2018年9月17日,ポートフォリオ,31.813125695,5.0%
2.生徒,2018年9月24日,ポートフォリオ,32.462184874,5.1%
2.生徒,2018年10月1日,ポートフォリオ,31.837184874,5.0%
2.生徒,2018年10月8日,ポートフォリオ,29.467161017,4.6%
2.生徒,2018年10月15日,ポートフォリオ,29.458686441,4.6%
2.生徒,2018年10月22日,ポートフォリオ,35.133611691,5.5%
2.生徒,2018年10月29日,ポートフォリオ,34.623541888,5.4%
2.生徒,2018年11月5日,ポートフォリオ,35.411030177,5.6%
2.生徒,2018年11月12日,ポートフォリオ,34.795620438,5.4%
2.生徒,2018年11月19日,ポートフォリオ,29.195995785,4.5%
2.生徒,2018年11月26日,ポートフォリオ,41.579107505,6.5%
2.生徒,2018年12月3日,ポートフォリオ,38.615778689,6.1%
2.生徒,2018年4月2日,コンテンツボックス,15.680628272,1.8%
2.生徒,2018年4月9日,コンテンツボックス,40.211320755,5.2%
2.生徒,2018年4月16日,コンテンツボックス,41.129757785,5.3%
2.生徒,2018年4月23日,コンテンツボックス,37.902280130,5.0%
2.生徒,2018年4月30日,コンテンツボックス,27.873720137,3.6%
2.生徒,2018年5月7日,コンテンツボックス,34.860986547,4.7%
2.生徒,2018年5月14日,コンテンツボックス,28.965909091,4.0%
2.生徒,2018年5月21日,コンテンツボックス,28.718926554,4.0%
2.生徒,2018年5月28日,コンテンツボックス,29.540502793,4.2%
2.生徒,2018年6月4日,コンテンツボックス,31.079234973,4.4%
2.生徒,2018年6月11日,コンテンツボックス,28.954604410,4.2%
2.生徒,2018年6月18日,コンテンツボックス,30.258777633,4.3%
2.生徒,2018年6月25日,コンテンツボックス,30.344099379,4.5%
2.生徒,2018年7月2日,コンテンツボックス,26.434727503,3.8%
2.生徒,2018年7月9日,コンテンツボックス,24.557788945,3.6%
2.生徒,2018年7月16日,コンテンツボックス,20.402453988,3.0%
2.生徒,2018年7月23日,コンテンツボックス,16.433687003,2.3%
2.生徒,2018年7月30日,コンテンツボックス,12.274900398,1.8%
2.生徒,2018年8月6日,コンテンツボックス,10.361271676,1.5%
2.生徒,2018年8月13日,コンテンツボックス,11.909090909,1.7%
2.生徒,2018年8月20日,コンテンツボックス,16.268817204,2.3%
2.生徒,2018年8月27日,コンテンツボックス,20.494163424,3.0%
2.生徒,2018年9月3日,コンテンツボックス,24.139657444,3.5%
2.生徒,2018年9月10日,コンテンツボックス,25.154582763,3.6%
2.生徒,2018年9月17日,コンテンツボックス,22.998677249,3.4%
2.生徒,2018年9月24日,コンテンツボックス,23.318858561,3.4%
2.生徒,2018年10月1日,コンテンツボックス,24.339646465,3.5%
2.生徒,2018年10月8日,コンテンツボックス,23.406524467,3.4%
2.生徒,2018年10月15日,コンテンツボックス,23.718012422,3.4%
2.生徒,2018年10月22日,コンテンツボックス,25.983439490,3.8%
2.生徒,2018年10月29日,コンテンツボックス,24.451776650,3.6%
2.生徒,2018年11月5日,コンテンツボックス,24.240903388,3.6%
2.生徒,2018年11月12日,コンテンツボックス,23.864102564,3.4%
2.生徒,2018年11月19日,コンテンツボックス,25.045103093,3.5%
2.生徒,2018年11月26日,コンテンツボックス,27.298368298,4.0%
2.生徒,2018年12月3日,コンテンツボックス,23.325757576,3.3%
2.生徒,2018年4月2日,カレンダー,26.163223140,3.2%
2.生徒,2018年4月9日,カレンダー,67.021848739,8.9%
2.生徒,2018年4月16日,カレンダー,64.078616352,8.7%
2.生徒,2018年4月23日,カレンダー,58.616398243,8.1%
2.生徒,2018年4月30日,カレンダー,44.974588939,6.1%
2.生徒,2018年5月7日,カレンダー,54.197831978,7.7%
2.生徒,2018年5月14日,カレンダー,50.427440633,7.3%
2.生徒,2018年5月21日,カレンダー,44.540332907,6.4%
2.生徒,2018年5月28日,カレンダー,44.461827284,6.5%
2.生徒,2018年6月4日,カレンダー,40.810615199,6.1%
2.生徒,2018年6月11日,カレンダー,38.392941176,5.8%
2.生徒,2018年6月18日,カレンダー,38.069364162,5.8%
2.生徒,2018年6月25日,カレンダー,35.372460497,5.4%
2.生徒,2018年7月2日,カレンダー,33.183050847,5.1%
2.生徒,2018年7月9日,カレンダー,31.892070485,4.9%
2.生徒,2018年7月16日,カレンダー,32.470905172,5.1%
2.生徒,2018年7月23日,カレンダー,19.536612022,3.0%
2.生徒,2018年7月30日,カレンダー,14.924360400,2.3%
2.生徒,2018年8月6日,カレンダー,12.573883162,1.9%
2.生徒,2018年8月13日,カレンダー,13.990697674,2.1%
2.生徒,2018年8月20日,カレンダー,20.434782609,3.2%
2.生徒,2018年8月27日,カレンダー,27.176981542,4.2%
2.生徒,2018年9月3日,カレンダー,27.764897075,4.3%
2.生徒,2018年9月10日,カレンダー,26.818974918,4.2%
2.生徒,2018年9月17日,カレンダー,26.185589520,4.1%
2.生徒,2018年9月24日,カレンダー,26.071949948,4.0%
2.生徒,2018年10月1日,カレンダー,24.847179487,3.9%
2.生徒,2018年10月8日,カレンダー,24.825995807,3.9%
2.生徒,2018年10月15日,カレンダー,24.559662091,3.8%
2.生徒,2018年10月22日,カレンダー,23.967436975,3.7%
2.生徒,2018年10月29日,カレンダー,23.609704641,3.7%
2.生徒,2018年11月5日,カレンダー,22.802083333,3.5%
2.生徒,2018年11月12日,カレンダー,22.575501584,3.5%
2.生徒,2018年11月19日,カレンダー,22.115261473,3.4%
2.生徒,2018年11月26日,カレンダー,26.157569516,4.1%
2.生徒,2018年12月3日,カレンダー,21.568109820,3.3%
2.生徒,2018年4月2日,アンケート,24.447795824,2.9%
2.生徒,2018年4月9日,アンケート,106.881818182,13.9%
2.生徒,2018年4月16日,アンケート,107.446945338,14.3%
2.生徒,2018年4月23日,アンケート,108.331306991,14.7%
2.生徒,2018年4月30日,アンケート,84.880314961,11.6%
2.生徒,2018年5月7日,アンケート,101.417827298,14.3%
2.生徒,2018年5月14日,アンケート,72.247619048,10.3%
2.生徒,2018年5月21日,アンケート,91.946737683,13.2%
2.生徒,2018年5月28日,アンケート,119.927835052,17.4%
2.生徒,2018年6月4日,アンケート,114.392108508,17.0%
2.生徒,2018年6月11日,アンケート,107.638554217,16.1%
2.生徒,2018年6月18日,アンケート,104.091015169,15.6%
2.生徒,2018年6月25日,アンケート,92.612716763,14.0%
2.生徒,2018年7月2日,アンケート,91.050528790,13.7%
2.生徒,2018年7月9日,アンケート,125.084378563,19.3%
2.生徒,2018年7月16日,アンケート,128.135195531,19.9%
2.生徒,2018年7月23日,アンケート,63.734693878,9.7%
2.生徒,2018年7月30日,アンケート,47.370457210,7.2%
2.生徒,2018年8月6日,アンケート,32.375743163,5.0%
2.生徒,2018年8月13日,アンケート,32.942080378,5.1%
2.生徒,2018年8月20日,アンケート,55.028835063,8.5%
2.生徒,2018年8月27日,アンケート,81.667413214,12.7%
2.生徒,2018年9月3日,アンケート,82.445067265,12.8%
2.生徒,2018年9月10日,アンケート,86.920045045,13.6%
2.生徒,2018年9月17日,アンケート,87.022573363,13.4%
2.生徒,2018年9月24日,アンケート,80.124324324,12.5%
2.生徒,2018年10月1日,アンケート,76.608093717,11.9%
2.生徒,2018年10月8日,アンケート,78.947939262,12.3%
2.生徒,2018年10月15日,アンケート,80.339539978,12.4%
2.生徒,2018年10月22日,アンケート,82.570505920,12.9%
2.生徒,2018年10月29日,アンケート,88.036796537,13.8%
2.生徒,2018年11月5日,アンケート,85.816239316,13.5%
2.生徒,2018年11月12日,アンケート,81.599137931,12.6%
2.生徒,2018年11月19日,アンケート,77.924754635,11.8%
2.生徒,2018年11月26日,アンケート,83.912858661,12.9%
2.生徒,2018年12月3日,アンケート,79.343783784,12.3%
2.生徒,2018年4月2日,Webドリル,10.415555556,1.3%
2.生徒,2018年4月9日,Webドリル,32.666095890,4.3%
2.生徒,2018年4月16日,Webドリル,32.285714286,4.4%
2.生徒,2018年4月23日,Webドリル,28.982035928,3.9%
2.生徒,2018年4月30日,Webドリル,19.042105263,2.6%
2.生徒,2018年5月7日,Webドリル,25.558232932,3.6%
2.生徒,2018年5月14日,Webドリル,21.684139785,3.1%
2.生徒,2018年5月21日,Webドリル,21.416030534,3.1%
2.生徒,2018年5月28日,Webドリル,19.664548920,2.9%
2.生徒,2018年6月4日,Webドリル,19.434210526,2.9%
2.生徒,2018年6月11日,Webドリル,18.137485311,2.7%
2.生徒,2018年6月18日,Webドリル,16.862149533,2.6%
2.生徒,2018年6月25日,Webドリル,16.705275229,2.5%
2.生徒,2018年7月2日,Webドリル,15.149543379,2.3%
2.生徒,2018年7月9日,Webドリル,14.703284258,2.2%
2.生徒,2018年7月16日,Webドリル,13.013333333,2.0%
2.生徒,2018年7月23日,Webドリル,9.151826484,1.4%
2.生徒,2018年7月30日,Webドリル,8.882352941,1.4%
2.生徒,2018年8月6日,Webドリル,8.415441176,1.3%
2.生徒,2018年8月13日,Webドリル,7.421875,1.1%
2.生徒,2018年8月20日,Webドリル,10.029411765,1.5%
2.生徒,2018年8月27日,Webドリル,10.904328018,1.7%
2.生徒,2018年9月3日,Webドリル,12.722587719,2.0%
2.生徒,2018年9月10日,Webドリル,11.527777778,1.8%
2.生徒,2018年9月17日,Webドリル,11.171683389,1.7%
2.生徒,2018年9月24日,Webドリル,10.563596491,1.6%
2.生徒,2018年10月1日,Webドリル,11.210805085,1.7%
2.生徒,2018年10月8日,Webドリル,10.785485592,1.7%
2.生徒,2018年10月15日,Webドリル,11.290217391,1.7%
2.生徒,2018年10月22日,Webドリル,11.263274336,1.7%
2.生徒,2018年10月29日,Webドリル,10.698901099,1.7%
2.生徒,2018年11月5日,Webドリル,10.426535088,1.6%
2.生徒,2018年11月12日,Webドリル,9.654525386,1.5%
2.生徒,2018年11月19日,Webドリル,9.191111111,1.4%
2.生徒,2018年11月26日,Webドリル,16.456230690,2.6%
2.生徒,2018年12月3日,Webドリル,10.511677282,1.6%
2.生徒,2018年4月2日,Webテスト,23.770925110,2.9%
2.生徒,2018年4月9日,Webテスト,51.670689655,6.8%
2.生徒,2018年4月16日,Webテスト,63.810344828,8.7%
2.生徒,2018年4月23日,Webテスト,68.004464286,9.3%
2.生徒,2018年4月30日,Webテスト,49.110782866,6.8%
2.生徒,2018年5月7日,Webテスト,60.235849057,8.6%
2.生徒,2018年5月14日,Webテスト,36.033512064,5.2%
2.生徒,2018年5月21日,Webテスト,47.122077922,6.8%
2.生徒,2018年5月28日,Webテスト,55.958801498,8.2%
2.生徒,2018年6月4日,Webテスト,63.860943168,9.6%
2.生徒,2018年6月11日,Webテスト,61.249411765,9.2%
2.生徒,2018年6月18日,Webテスト,59.700923788,9.0%
2.生徒,2018年6月25日,Webテスト,56.069364162,8.5%
2.生徒,2018年7月2日,Webテスト,45.486363636,6.9%
2.生徒,2018年7月9日,Webテスト,39.168539326,6.0%
2.生徒,2018年7月16日,Webテスト,36.150609081,5.6%
2.生徒,2018年7月23日,Webテスト,29.887485649,4.5%
2.生徒,2018年7月30日,Webテスト,26.948955916,4.1%
2.生徒,2018年8月6日,Webテスト,25.251511487,3.8%
2.生徒,2018年8月13日,Webテスト,24.398305085,3.8%
2.生徒,2018年8月20日,Webテスト,30.851894374,4.8%
2.生徒,2018年8月27日,Webテスト,36.852678571,5.7%
2.生徒,2018年9月3日,Webテスト,37.166666667,5.8%
2.生徒,2018年9月10日,Webテスト,39.976060936,6.3%
2.生徒,2018年9月17日,Webテスト,42.312780269,6.5%
2.生徒,2018年9月24日,Webテスト,40.859477124,6.3%
2.生徒,2018年10月1日,Webテスト,41.267316017,6.4%
2.生徒,2018年10月8日,Webテスト,41.530286929,6.5%
2.生徒,2018年10月15日,Webテスト,44.849780702,6.9%
2.生徒,2018年10月22日,Webテスト,45.753513514,7.1%
2.生徒,2018年10月29日,Webテスト,45.470905172,7.1%
2.生徒,2018年11月5日,Webテスト,41.688770053,6.4%
2.生徒,2018年11月12日,Webテスト,41.653083700,6.3%
2.生徒,2018年11月19日,Webテスト,37.926454446,5.8%
2.生徒,2018年11月26日,Webテスト,47.293264249,7.4%
2.生徒,2018年12月3日,Webテスト,33.298117155,5.2%
3.保護者,2018年4月2日,生徒カルテ,37.456973294,1.8%
3.保護者,2018年4月9日,生徒カルテ,60.396226415,3.1%
3.保護者,2018年4月16日,生徒カルテ,56.746867168,3.0%
3.保護者,2018年4月23日,生徒カルテ,60.420814480,3.3%
3.保護者,2018年4月30日,生徒カルテ,48.791666667,2.6%
3.保護者,2018年5月7日,生徒カルテ,60.810457516,3.3%
3.保護者,2018年5月14日,生徒カルテ,56.217303823,3.2%
3.保護者,2018年5月21日,生徒カルテ,58.302734375,3.4%
3.保護者,2018年5月28日,生徒カルテ,65.163498099,3.8%
3.保護者,2018年6月4日,生徒カルテ,63.195211786,3.7%
3.保護者,2018年6月11日,生徒カルテ,50.858676208,3.0%
3.保護者,2018年6月18日,生徒カルテ,49.287719298,2.9%
3.保護者,2018年6月25日,生徒カルテ,41.895008606,2.5%
3.保護者,2018年7月2日,生徒カルテ,45.658163265,2.7%
3.保護者,2018年7月9日,生徒カルテ,45.831973899,2.8%
3.保護者,2018年7月16日,生徒カルテ,50.062215478,3.1%
3.保護者,2018年7月23日,生徒カルテ,33.538116592,2.1%
3.保護者,2018年7月30日,生徒カルテ,26.102760736,1.6%
3.保護者,2018年8月6日,生徒カルテ,21.349845201,1.3%
3.保護者,2018年8月13日,生徒カルテ,15.904538341,1.0%
3.保護者,2018年8月20日,生徒カルテ,20.668202765,1.3%
3.保護者,2018年8月27日,生徒カルテ,26.663141994,1.6%
3.保護者,2018年9月3日,生徒カルテ,30.783060921,1.9%
3.保護者,2018年9月10日,生徒カルテ,26.210682493,1.6%
3.保護者,2018年9月17日,生徒カルテ,25.675187970,1.6%
3.保護者,2018年9月24日,生徒カルテ,28.704309064,1.8%
3.保護者,2018年10月1日,生徒カルテ,28.921828909,1.8%
3.保護者,2018年10月8日,生徒カルテ,26.670118343,1.6%
3.保護者,2018年10月15日,生徒カルテ,28.545058140,1.8%
3.保護者,2018年10月22日,生徒カルテ,28.397417504,1.8%
3.保護者,2018年10月29日,生徒カルテ,28.873381295,1.8%
3.保護者,2018年11月5日,生徒カルテ,29.038516405,1.8%
3.保護者,2018年11月12日,生徒カルテ,26.122159091,1.7%
3.保護者,2018年11月19日,生徒カルテ,23.392296719,1.5%
3.保護者,2018年11月26日,生徒カルテ,33.868271955,2.2%
3.保護者,2018年12月3日,生徒カルテ,26.831491713,1.7%
3.保護者,2018年6月25日,授業記録,1,0.0%
3.保護者,2018年4月2日,校内グループ,97.536082474,4.5%
3.保護者,2018年4月9日,校内グループ,154.560371517,7.5%
3.保護者,2018年4月16日,校内グループ,156.849397590,7.8%
3.保護者,2018年4月23日,校内グループ,151.475,8.1%
3.保護者,2018年4月30日,校内グループ,131.428571429,6.8%
3.保護者,2018年5月7日,校内グループ,154.498734177,8.1%
3.保護者,2018年5月14日,校内グループ,118.194513716,6.2%
3.保護者,2018年5月21日,校内グループ,149.116822430,8.0%
3.保護者,2018年5月28日,校内グループ,159.651376147,8.7%
3.保護者,2018年6月4日,校内グループ,150.95,8.4%
3.保護者,2018年6月11日,校内グループ,123.046966732,7.0%
3.保護者,2018年6月18日,校内グループ,133.376470588,7.6%
3.保護者,2018年6月25日,校内グループ,142.703030303,8.0%
3.保護者,2018年7月2日,校内グループ,167.842535787,9.5%
3.保護者,2018年7月9日,校内グループ,145.869215292,8.2%
3.保護者,2018年7月16日,校内グループ,145.196969697,8.2%
3.保護者,2018年7月23日,校内グループ,115.905027933,6.7%
3.保護者,2018年7月30日,校内グループ,80.625730994,4.6%
3.保護者,2018年8月6日,校内グループ,68.289883268,4.0%
3.保護者,2018年8月13日,校内グループ,42.236790607,2.4%
3.保護者,2018年8月20日,校内グループ,91.254681648,5.3%
3.保護者,2018年8月27日,校内グループ,126.917910448,7.4%
3.保護者,2018年9月3日,校内グループ,153.567518248,9.0%
3.保護者,2018年9月10日,校内グループ,119.667269439,7.0%
3.保護者,2018年9月17日,校内グループ,115.877777778,6.7%
3.保護者,2018年9月24日,校内グループ,129.684575390,7.6%
3.保護者,2018年10月1日,校内グループ,138.064516129,8.0%
3.保護者,2018年10月8日,校内グループ,107.050909091,6.1%
3.保護者,2018年10月15日,校内グループ,111.312274368,6.5%
3.保護者,2018年10月22日,校内グループ,106.338568935,6.3%
3.保護者,2018年10月29日,校内グループ,112.355400697,6.6%
3.保護者,2018年11月5日,校内グループ,111.372340426,6.5%
3.保護者,2018年11月12日,校内グループ,112.396797153,6.5%
3.保護者,2018年11月19日,校内グループ,107.185714286,6.2%
3.保護者,2018年11月26日,校内グループ,98.480769231,5.8%
3.保護者,2018年12月3日,校内グループ,108.737122558,6.3%
3.保護者,2018年4月2日,メッセージ,30.12,1.3%
3.保護者,2018年4月9日,メッセージ,52.026086957,2.4%
3.保護者,2018年4月16日,メッセージ,40.15,1.9%
3.保護者,2018年4月23日,メッセージ,39.179104478,2.0%
3.保護者,2018年4月30日,メッセージ,30.362962963,1.6%
3.保護者,2018年5月7日,メッセージ,37.545454545,1.9%
3.保護者,2018年5月14日,メッセージ,33.479166667,1.7%
3.保護者,2018年5月21日,メッセージ,32.154838710,1.6%
3.保護者,2018年5月28日,メッセージ,37.14,1.9%
3.保護者,2018年6月4日,メッセージ,33.344155844,1.7%
3.保護者,2018年6月11日,メッセージ,27.696774194,1.4%
3.保護者,2018年6月18日,メッセージ,25.569696970,1.3%
3.保護者,2018年6月25日,メッセージ,21.844311377,1.1%
3.保護者,2018年7月2日,メッセージ,27.052325581,1.4%
3.保護者,2018年7月9日,メッセージ,20.494318182,1.1%
3.保護者,2018年7月16日,メッセージ,23.613259669,1.3%
3.保護者,2018年7月23日,メッセージ,15.978494624,0.9%
3.保護者,2018年7月30日,メッセージ,11.017045455,0.6%
3.保護者,2018年8月6日,メッセージ,8.710059172,0.5%
3.保護者,2018年8月13日,メッセージ,7.141104294,0.4%
3.保護者,2018年8月20日,メッセージ,10.268817204,0.6%
3.保護者,2018年8月27日,メッセージ,14.845303867,0.8%
3.保護者,2018年9月3日,メッセージ,20.160621762,1.1%
3.保護者,2018年9月10日,メッセージ,13.866666667,0.8%
3.保護者,2018年9月17日,メッセージ,11.989361702,0.7%
3.保護者,2018年9月24日,メッセージ,14.566502463,0.8%
3.保護者,2018年10月1日,メッセージ,15.030150754,0.8%
3.保護者,2018年10月8日,メッセージ,12.284946237,0.6%
3.保護者,2018年10月15日,メッセージ,12.663157895,0.7%
3.保護者,2018年10月22日,メッセージ,11.333333333,0.6%
3.保護者,2018年10月29日,メッセージ,11.246073298,0.6%
3.保護者,2018年11月5日,メッセージ,12.421052632,0.7%
3.保護者,2018年11月12日,メッセージ,11.291666667,0.6%
3.保護者,2018年11月19日,メッセージ,9.618556701,0.5%
3.保護者,2018年11月26日,メッセージ,12.494897959,0.7%
3.保護者,2018年12月3日,メッセージ,10.414507772,0.6%
3.保護者,2018年4月23日,ポートフォリオ,1,0.0%
3.保護者,2018年5月14日,ポートフォリオ,1,0.1%
3.保護者,2018年5月28日,ポートフォリオ,1,0.2%
3.保護者,2018年6月4日,ポートフォリオ,1,0.2%
3.保護者,2018年6月11日,ポートフォリオ,1,0.0%
3.保護者,2018年6月25日,ポートフォリオ,1,0.2%
3.保護者,2018年7月2日,ポートフォリオ,1,0.0%
3.保護者,2018年7月9日,ポートフォリオ,1,0.0%
3.保護者,2018年7月16日,ポートフォリオ,1,0.1%
3.保護者,2018年7月30日,ポートフォリオ,1,0.1%
3.保護者,2018年8月6日,ポートフォリオ,1,0.1%
3.保護者,2018年8月27日,ポートフォリオ,1,0.0%
3.保護者,2018年10月1日,ポートフォリオ,1,0.0%
3.保護者,2018年10月15日,ポートフォリオ,1,0.0%
3.保護者,2018年10月22日,ポートフォリオ,1,0.4%
3.保護者,2018年10月29日,ポートフォリオ,1,0.0%
3.保護者,2018年11月12日,ポートフォリオ,1,0.0%
3.保護者,2018年11月19日,ポートフォリオ,1,0.0%
3.保護者,2018年4月2日,アンケート,28.025104603,1.3%
3.保護者,2018年4月9日,アンケート,56.334507042,2.7%
3.保護者,2018年4月16日,アンケート,47.854304636,2.3%
3.保護者,2018年4月23日,アンケート,46.824925816,2.4%
3.保護者,2018年4月30日,アンケート,34.673469388,1.7%
3.保護者,2018年5月7日,アンケート,45.972677596,2.3%
3.保護者,2018年5月14日,アンケート,39.952,2.0%
3.保護者,2018年5月21日,アンケート,34.243654822,1.8%
3.保護者,2018年5月28日,アンケート,40.532828283,2.1%
3.保護者,2018年6月4日,アンケート,40.733990148,2.1%
3.保護者,2018年6月11日,アンケート,28.908018868,1.6%
3.保護者,2018年6月18日,アンケート,31.881818182,1.7%
3.保護者,2018年6月25日,アンケート,32.097285068,1.7%
3.保護者,2018年7月2日,アンケート,37.203991131,2.0%
3.保護者,2018年7月9日,アンケート,25.722342733,1.4%
3.保護者,2018年7月16日,アンケート,30.327160494,1.7%
3.保護者,2018年7月23日,アンケート,19.485355649,1.1%
3.保護者,2018年7月30日,アンケート,15.839560440,0.9%
3.保護者,2018年8月6日,アンケート,8.088305489,0.4%
3.保護者,2018年8月13日,アンケート,8.395784543,0.5%
3.保護者,2018年8月20日,アンケート,12.803455724,0.7%
3.保護者,2018年8月27日,アンケート,22.069620253,1.2%
3.保護者,2018年9月3日,アンケート,22.081632653,1.2%
3.保護者,2018年9月10日,アンケート,19.220164609,1.1%
3.保護者,2018年9月17日,アンケート,17.841758242,1.0%
3.保護者,2018年9月24日,アンケート,18.923228346,1.1%
3.保護者,2018年10月1日,アンケート,21.836,1.2%
3.保護者,2018年10月8日,アンケート,19.923711340,1.1%
3.保護者,2018年10月15日,アンケート,18.872689938,1.1%
3.保護者,2018年10月22日,アンケート,22.818737271,1.3%
3.保護者,2018年10月29日,アンケート,24.835390947,1.4%
3.保護者,2018年11月5日,アンケート,22.941908714,1.3%
3.保護者,2018年11月12日,アンケート,16.796680498,0.9%
3.保護者,2018年11月19日,アンケート,17.997830803,1.0%
3.保護者,2018年11月26日,アンケート,25.169421488,1.4%
3.保護者,2018年12月3日,アンケート,20.242971888,1.1%
3.保護者,2018年4月2日,Webドリル,1,0.0%
3.保護者,2018年4月9日,Webドリル,1,0.0%
3.保護者,2018年4月16日,Webドリル,1.25,0.0%
3.保護者,2018年4月23日,Webドリル,1,0.0%
3.保護者,2018年4月30日,Webドリル,1,0.0%
3.保護者,2018年5月7日,Webドリル,1,0.1%
3.保護者,2018年5月14日,Webドリル,1,0.0%
3.保護者,2018年5月21日,Webドリル,1,0.1%
3.保護者,2018年5月28日,Webドリル,1,0.1%
3.保護者,2018年6月4日,Webドリル,1,0.0%
3.保護者,2018年6月11日,Webドリル,1,0.0%
3.保護者,2018年6月25日,Webドリル,1,0.6%
3.保護者,2018年7月16日,Webドリル,1,0.0%
3.保護者,2018年8月27日,Webドリル,1,0.0%
3.保護者,2018年9月10日,Webドリル,1,0.3%
3.保護者,2018年10月1日,Webドリル,1,0.0%
3.保護者,2018年10月8日,Webドリル,1,0.0%
3.保護者,2018年10月15日,Webドリル,1,0.0%
3.保護者,2018年10月22日,Webドリル,1,0.0%
3.保護者,2018年11月12日,Webドリル,1,0.0%
3.保護者,2018年11月26日,Webドリル,1,0.1%
3.保護者,2018年6月11日,Webテスト,1,0.1%
3.保護者,2018年7月2日,Webテスト,1,0.0%
3.保護者,2018年7月16日,Webテスト,1,0.2%
3.保護者,2018年7月30日,Webテスト,1,0.1%
3.保護者,2018年8月27日,Webテスト,1,0.0%
3.保護者,2018年9月10日,Webテスト,1,0.0%
3.保護者,2018年11月26日,Webテスト,1,0.0%
